タイトル,価格,在庫状況,詳細URL
Worlds Elsewhere: Journeys Around Shakespeareâs Globe,Â£40.30,"<p class=""instock availability"">
<i class=""icon-ok""></i>
    
        In stock
    
</p>",https://books.toscrape.com/catalogue/worlds-elsewhere-journeys-around-shakespeares-globe_972/index.html
The Five Love Languages: How to Express Heartfelt Commitment to Your Mate,Â£31.05,"<p class=""instock availability"">
<i class=""icon-ok""></i>
    
        In stock
    
</p>",https://books.toscrape.com/catalogue/the-five-love-languages-how-to-express-heartfelt-commitment-to-your-mate_969/index.html
Reasons to Stay Alive,Â£26.41,"<p class=""instock availability"">
<i class=""icon-ok""></i>
    
        In stock
    
</p>",https://books.toscrape.com/catalogue/reasons-to-stay-alive_959/index.html
#HigherSelfie: Wake Up Your Life. Free Your Soul. Find Your Tribe.,Â£23.11,"<p class=""instock availability"">
<i class=""icon-ok""></i>
    
        In stock
    
</p>",https://books.toscrape.com/catalogue/higherselfie-wake-up-your-life-free-your-soul-find-your-tribe_957/index.html
"Unseen City: The Majesty of Pigeons, the Discreet Charm of Snails & Other Wonders of the Urban Wilderness",Â£44.18,"<p class=""instock availability"">
<i class=""icon-ok""></i>
    
        In stock
    
</p>",https://books.toscrape.com/catalogue/unseen-city-the-majesty-of-pigeons-the-discreet-charm-of-snails-other-wonders-of-the-urban-wilderness_952/index.html
Throwing Rocks at the Google Bus: How Growth Became the Enemy of Prosperity,Â£31.12,"<p class=""instock availability"">
<i class=""icon-ok""></i>
    
        In stock
    
</p>",https://books.toscrape.com/catalogue/throwing-rocks-at-the-google-bus-how-growth-became-the-enemy-of-prosperity_948/index.html
The Life-Changing Magic of Tidying Up: The Japanese Art of Decluttering and Organizing,Â£16.77,"<p class=""instock availability"">
<i class=""icon-ok""></i>
    
        In stock
    
</p>",https://books.toscrape.com/catalogue/the-life-changing-magic-of-tidying-up-the-japanese-art-of-decluttering-and-organizing_936/index.html
The Gutsy Girl: Escapades for Your Life of Epic Adventure,Â£37.13,"<p class=""instock availability"">
<i class=""icon-ok""></i>
    
        In stock
    
</p>",https://books.toscrape.com/catalogue/the-gutsy-girl-escapades-for-your-life-of-epic-adventure_934/index.html
The Electric Pencil: Drawings from Inside State Hospital No. 3,Â£56.06,"<p class=""instock availability"">
<i class=""icon-ok""></i>
    
        In stock
    
</p>",https://books.toscrape.com/catalogue/the-electric-pencil-drawings-from-inside-state-hospital-no-3_933/index.html
Spark Joy: An Illustrated Master Class on the Art of Organizing and Tidying Up,Â£41.83,"<p class=""instock availability"">
<i class=""icon-ok""></i>
    
        In stock
    
</p>",https://books.toscrape.com/catalogue/spark-joy-an-illustrated-master-class-on-the-art-of-organizing-and-tidying-up_927/index.html
Reskilling America: Learning to Labor in the Twenty-First Century,Â£19.83,"<p class=""instock availability"">
<i class=""icon-ok""></i>
    
        In stock
    
</p>",https://books.toscrape.com/catalogue/reskilling-america-learning-to-labor-in-the-twenty-first-century_922/index.html
In the Country We Love: My Family Divided,Â£22.00,"<p class=""instock availability"">
<i class=""icon-ok""></i>
    
        In stock
    
</p>",https://books.toscrape.com/catalogue/in-the-country-we-love-my-family-divided_901/index.html
Everydata: The Misinformation Hidden in the Little Data You Consume Every Day,Â£54.35,"<p class=""instock availability"">
<i class=""icon-ok""></i>
    
        In stock
    
</p>",https://books.toscrape.com/catalogue/everydata-the-misinformation-hidden-in-the-little-data-you-consume-every-day_891/index.html
Call the Nurse: True Stories of a Country Nurse on a Scottish Isle,Â£29.14,"<p class=""instock availability"">
<i class=""icon-ok""></i>
    
        In stock
    
</p>",https://books.toscrape.com/catalogue/call-the-nurse-true-stories-of-a-country-nurse-on-a-scottish-isle_885/index.html
Algorithms to Live By: The Computer Science of Human Decisions,Â£30.81,"<p class=""instock availability"">
<i class=""icon-ok""></i>
    
        In stock
    
</p>",https://books.toscrape.com/catalogue/algorithms-to-live-by-the-computer-science-of-human-decisions_880/index.html
The Power of Now: A Guide to Spiritual Enlightenment,Â£43.54,"<p class=""instock availability"">
<i class=""icon-ok""></i>
    
        In stock
    
</p>",https://books.toscrape.com/catalogue/the-power-of-now-a-guide-to-spiritual-enlightenment_855/index.html
The Omnivore's Dilemma: A Natural History of Four Meals,Â£38.21,"<p class=""instock availability"">
<i class=""icon-ok""></i>
    
        In stock
    
</p>",https://books.toscrape.com/catalogue/the-omnivores-dilemma-a-natural-history-of-four-meals_854/index.html
The Genius of Birds,Â£17.24,"<p class=""instock availability"">
<i class=""icon-ok""></i>
    
        In stock
    
</p>",https://books.toscrape.com/catalogue/the-genius-of-birds_843/index.html
The Artist's Way: A Spiritual Path to Higher Creativity,Â£38.49,"<p class=""instock availability"">
<i class=""icon-ok""></i>
    
        In stock
    
</p>",https://books.toscrape.com/catalogue/the-artists-way-a-spiritual-path-to-higher-creativity_839/index.html
So You've Been Publicly Shamed,Â£12.23,"<p class=""instock availability"">
<i class=""icon-ok""></i>
    
        In stock
    
</p>",https://books.toscrape.com/catalogue/so-youve-been-publicly-shamed_832/index.html
"Daring Greatly: How the Courage to Be Vulnerable Transforms the Way We Live, Love, Parent, and Lead",Â£19.43,"<p class=""instock availability"">
<i class=""icon-ok""></i>
    
        In stock
    
</p>",https://books.toscrape.com/catalogue/daring-greatly-how-the-courage-to-be-vulnerable-transforms-the-way-we-live-love-parent-and-lead_799/index.html
Big Magic: Creative Living Beyond Fear,Â£30.80,"<p class=""instock availability"">
<i class=""icon-ok""></i>
    
        In stock
    
</p>",https://books.toscrape.com/catalogue/big-magic-creative-living-beyond-fear_796/index.html
Becoming Wise: An Inquiry into the Mystery and Art of Living,Â£27.43,"<p class=""instock availability"">
<i class=""icon-ok""></i>
    
        In stock
    
</p>",https://books.toscrape.com/catalogue/becoming-wise-an-inquiry-into-the-mystery-and-art-of-living_795/index.html
Agnostic: A Spirited Manifesto,Â£12.51,"<p class=""instock availability"">
<i class=""icon-ok""></i>
    
        In stock
    
</p>",https://books.toscrape.com/catalogue/agnostic-a-spirited-manifesto_786/index.html
Whole Lotta Creativity Going On: 60 Fun and Unusual Exercises to Awaken and Strengthen Your Creativity,Â£38.20,"<p class=""instock availability"">
<i class=""icon-ok""></i>
    
        In stock
    
</p>",https://books.toscrape.com/catalogue/whole-lotta-creativity-going-on-60-fun-and-unusual-exercises-to-awaken-and-strengthen-your-creativity_780/index.html
What's It Like in Space?: Stories from Astronauts Who've Been There,Â£19.60,"<p class=""instock availability"">
<i class=""icon-ok""></i>
    
        In stock
    
</p>",https://books.toscrape.com/catalogue/whats-it-like-in-space-stories-from-astronauts-whove-been-there_779/index.html
The Year of Magical Thinking,Â£43.04,"<p class=""instock availability"">
<i class=""icon-ok""></i>
    
        In stock
    
</p>",https://books.toscrape.com/catalogue/the-year-of-magical-thinking_770/index.html
The Literature Book (Big Ideas Simply Explained),Â£17.43,"<p class=""instock availability"">
<i class=""icon-ok""></i>
    
        In stock
    
</p>",https://books.toscrape.com/catalogue/the-literature-book-big-ideas-simply-explained_755/index.html
The Bad-Ass Librarians of Timbuktu: And Their Race to Save the Worldâs Most Precious Manuscripts,Â£15.77,"<p class=""instock availability"">
<i class=""icon-ok""></i>
    
        In stock
    
</p>",https://books.toscrape.com/catalogue/the-bad-ass-librarians-of-timbuktu-and-their-race-to-save-the-worlds-most-precious-manuscripts_745/index.html
Swell: A Year of Waves,Â£45.58,"<p class=""instock availability"">
<i class=""icon-ok""></i>
    
        In stock
    
</p>",https://books.toscrape.com/catalogue/swell-a-year-of-waves_740/index.html
No Dream Is Too High: Life Lessons From a Man Who Walked on the Moon,Â£21.95,"<p class=""instock availability"">
<i class=""icon-ok""></i>
    
        In stock
    
</p>",https://books.toscrape.com/catalogue/no-dream-is-too-high-life-lessons-from-a-man-who-walked-on-the-moon_722/index.html
Looking for Lovely: Collecting the Moments that Matter,Â£29.14,"<p class=""instock availability"">
<i class=""icon-ok""></i>
    
        In stock
    
</p>",https://books.toscrape.com/catalogue/looking-for-lovely-collecting-the-moments-that-matter_710/index.html
Let It Out: A Journey Through Journaling,Â£26.79,"<p class=""instock availability"">
<i class=""icon-ok""></i>
    
        In stock
    
</p>",https://books.toscrape.com/catalogue/let-it-out-a-journey-through-journaling_708/index.html
Hamilton: The Revolution,Â£58.79,"<p class=""instock availability"">
<i class=""icon-ok""></i>
    
        In stock
    
</p>",https://books.toscrape.com/catalogue/hamilton-the-revolution_699/index.html
"Far & Away: Places on the Brink of Change: Seven Continents, Twenty-Five Years",Â£15.06,"<p class=""instock availability"">
<i class=""icon-ok""></i>
    
        In stock
    
</p>",https://books.toscrape.com/catalogue/far-away-places-on-the-brink-of-change-seven-continents-twenty-five-years_694/index.html
"Eaternity: More than 150 Deliciously Easy Vegan Recipes for a Long, Healthy, Satisfied, Joyful Life",Â£51.75,"<p class=""instock availability"">
<i class=""icon-ok""></i>
    
        In stock
    
</p>",https://books.toscrape.com/catalogue/eaternity-more-than-150-deliciously-easy-vegan-recipes-for-a-long-healthy-satisfied-joyful-life_689/index.html
Buying In: The Secret Dialogue Between What We Buy and Who We Are,Â£37.80,"<p class=""instock availability"">
<i class=""icon-ok""></i>
    
        In stock
    
</p>",https://books.toscrape.com/catalogue/buying-in-the-secret-dialogue-between-what-we-buy-and-who-we-are_670/index.html
Brain on Fire: My Month of Madness,Â£49.32,"<p class=""instock availability"">
<i class=""icon-ok""></i>
    
        In stock
    
</p>",https://books.toscrape.com/catalogue/brain-on-fire-my-month-of-madness_669/index.html
Abstract City,Â£56.37,"<p class=""instock availability"">
<i class=""icon-ok""></i>
    
        In stock
    
</p>",https://books.toscrape.com/catalogue/abstract-city_658/index.html
13 Hours: The Inside Account of What Really Happened In Benghazi,Â£27.06,"<p class=""instock availability"">
<i class=""icon-ok""></i>
    
        In stock
    
</p>",https://books.toscrape.com/catalogue/13-hours-the-inside-account-of-what-really-happened-in-benghazi_645/index.html
The Lonely City: Adventures in the Art of Being Alone,Â£33.26,"<p class=""instock availability"">
<i class=""icon-ok""></i>
    
        In stock
    
</p>",https://books.toscrape.com/catalogue/the-lonely-city-adventures-in-the-art-of-being-alone_639/index.html
The Diary of a Young Girl,Â£59.90,"<p class=""instock availability"">
<i class=""icon-ok""></i>
    
        In stock
    
</p>",https://books.toscrape.com/catalogue/the-diary-of-a-young-girl_634/index.html
Snatched: How A Drug Queen Went Undercover for the DEA and Was Kidnapped By Colombian Guerillas,Â£21.21,"<p class=""instock availability"">
<i class=""icon-ok""></i>
    
        In stock
    
</p>",https://books.toscrape.com/catalogue/snatched-how-a-drug-queen-went-undercover-for-the-dea-and-was-kidnapped-by-colombian-guerillas_631/index.html
Furiously Happy: A Funny Book About Horrible Things,Â£41.46,"<p class=""instock availability"">
<i class=""icon-ok""></i>
    
        In stock
    
</p>",https://books.toscrape.com/catalogue/furiously-happy-a-funny-book-about-horrible-things_619/index.html
"The Sleep Revolution: Transforming Your Life, One Night at a Time",Â£11.68,"<p class=""instock availability"">
<i class=""icon-ok""></i>
    
        In stock
    
</p>",https://books.toscrape.com/catalogue/the-sleep-revolution-transforming-your-life-one-night-at-a-time_608/index.html
"Mother, Can You Not?",Â£16.89,"<p class=""instock availability"">
<i class=""icon-ok""></i>
    
        In stock
    
</p>",https://books.toscrape.com/catalogue/mother-can-you-not_599/index.html
A Mother's Reckoning: Living in the Aftermath of Tragedy,Â£19.53,"<p class=""instock availability"">
<i class=""icon-ok""></i>
    
        In stock
    
</p>",https://books.toscrape.com/catalogue/a-mothers-reckoning-living-in-the-aftermath-of-tragedy_585/index.html
"10% Happier: How I Tamed the Voice in My Head, Reduced Stress Without Losing My Edge, and Found Self-Help That Actually Works",Â£24.57,"<p class=""instock availability"">
<i class=""icon-ok""></i>
    
        In stock
    
</p>",https://books.toscrape.com/catalogue/10-happier-how-i-tamed-the-voice-in-my-head-reduced-stress-without-losing-my-edge-and-found-self-help-that-actually-works_582/index.html
Chernobyl 01:23:40: The Incredible True Story of the World's Worst Nuclear Disaster,Â£35.92,"<p class=""instock availability"">
<i class=""icon-ok""></i>
    
        In stock
    
</p>",https://books.toscrape.com/catalogue/chernobyl-012340-the-incredible-true-story-of-the-worlds-worst-nuclear-disaster_560/index.html
"Zero to One: Notes on Startups, or How to Build the Future",Â£34.06,"<p class=""instock availability"">
<i class=""icon-ok""></i>
    
        In stock
    
</p>",https://books.toscrape.com/catalogue/zero-to-one-notes-on-startups-or-how-to-build-the-future_555/index.html
Why Not Me?,Â£17.76,"<p class=""instock availability"">
<i class=""icon-ok""></i>
    
        In stock
    
</p>",https://books.toscrape.com/catalogue/why-not-me_554/index.html
When Breath Becomes Air,Â£39.36,"<p class=""instock availability"">
<i class=""icon-ok""></i>
    
        In stock
    
</p>",https://books.toscrape.com/catalogue/when-breath-becomes-air_553/index.html
"The Midnight Assassin: Panic, Scandal, and the Hunt for America's First Serial Killer",Â£28.45,"<p class=""instock availability"">
<i class=""icon-ok""></i>
    
        In stock
    
</p>",https://books.toscrape.com/catalogue/the-midnight-assassin-panic-scandal-and-the-hunt-for-americas-first-serial-killer_549/index.html
Smarter Faster Better: The Secrets of Being Productive in Life and Business,Â£38.89,"<p class=""instock availability"">
<i class=""icon-ok""></i>
    
        In stock
    
</p>",https://books.toscrape.com/catalogue/smarter-faster-better-the-secrets-of-being-productive-in-life-and-business_543/index.html
Rising Strong,Â£21.82,"<p class=""instock availability"">
<i class=""icon-ok""></i>
    
        In stock
    
</p>",https://books.toscrape.com/catalogue/rising-strong_539/index.html
Man's Search for Meaning,Â£29.48,"<p class=""instock availability"">
<i class=""icon-ok""></i>
    
        In stock
    
</p>",https://books.toscrape.com/catalogue/mans-search-for-meaning_533/index.html
"Love That Boy: What Two Presidents, Eight Road Trips, and My Son Taught Me About a Parent's Expectations",Â£25.06,"<p class=""instock availability"">
<i class=""icon-ok""></i>
    
        In stock
    
</p>",https://books.toscrape.com/catalogue/love-that-boy-what-two-presidents-eight-road-trips-and-my-son-taught-me-about-a-parents-expectations_532/index.html
Living Forward: A Proven Plan to Stop Drifting and Get the Life You Want,Â£12.55,"<p class=""instock availability"">
<i class=""icon-ok""></i>
    
        In stock
    
</p>",https://books.toscrape.com/catalogue/living-forward-a-proven-plan-to-stop-drifting-and-get-the-life-you-want_531/index.html
I Will Find You,Â£44.21,"<p class=""instock availability"">
<i class=""icon-ok""></i>
    
        In stock
    
</p>",https://books.toscrape.com/catalogue/i-will-find-you_524/index.html
Brazen: The Courage to Find the You That's Been Hiding,Â£19.22,"<p class=""instock availability"">
<i class=""icon-ok""></i>
    
        In stock
    
</p>",https://books.toscrape.com/catalogue/brazen-the-courage-to-find-the-you-thats-been-hiding_514/index.html
Between the World and Me,Â£56.91,"<p class=""instock availability"">
<i class=""icon-ok""></i>
    
        In stock
    
</p>",https://books.toscrape.com/catalogue/between-the-world-and-me_513/index.html
Being Mortal: Medicine and What Matters in the End,Â£55.06,"<p class=""instock availability"">
<i class=""icon-ok""></i>
    
        In stock
    
</p>",https://books.toscrape.com/catalogue/being-mortal-medicine-and-what-matters-in-the-end_512/index.html
"A Murder Over a Girl: Justice, Gender, Junior High",Â£13.20,"<p class=""instock availability"">
<i class=""icon-ok""></i>
    
        In stock
    
</p>",https://books.toscrape.com/catalogue/a-murder-over-a-girl-justice-gender-junior-high_511/index.html
For the Love: Fighting for Grace in a World of Impossible Standards,Â£45.13,"<p class=""instock availability"">
<i class=""icon-ok""></i>
    
        In stock
    
</p>",https://books.toscrape.com/catalogue/for-the-love-fighting-for-grace-in-a-world-of-impossible-standards_467/index.html
Finding God in the Ruins: How God Redeems Pain,Â£46.64,"<p class=""instock availability"">
<i class=""icon-ok""></i>
    
        In stock
    
</p>",https://books.toscrape.com/catalogue/finding-god-in-the-ruins-how-god-redeems-pain_466/index.html
The Man Who Mistook His Wife for a Hat and Other Clinical Tales,Â£59.45,"<p class=""instock availability"">
<i class=""icon-ok""></i>
    
        In stock
    
</p>",https://books.toscrape.com/catalogue/the-man-who-mistook-his-wife-for-a-hat-and-other-clinical-tales_451/index.html
In Cold Blood,Â£49.98,"<p class=""instock availability"">
<i class=""icon-ok""></i>
    
        In stock
    
</p>",https://books.toscrape.com/catalogue/in-cold-blood_432/index.html
"Girl, Interrupted",Â£42.14,"<p class=""instock availability"">
<i class=""icon-ok""></i>
    
        In stock
    
</p>",https://books.toscrape.com/catalogue/girl-interrupted_429/index.html
Why Save the Bankers?: And Other Essays on Our Economic and Political Crisis,Â£48.67,"<p class=""instock availability"">
<i class=""icon-ok""></i>
    
        In stock
    
</p>",https://books.toscrape.com/catalogue/why-save-the-bankers-and-other-essays-on-our-economic-and-political-crisis_418/index.html
Talking to Girls About Duran Duran: One Young Man's Quest for True Love and a Cooler Haircut,Â£25.15,"<p class=""instock availability"">
<i class=""icon-ok""></i>
    
        In stock
    
</p>",https://books.toscrape.com/catalogue/talking-to-girls-about-duran-duran-one-young-mans-quest-for-true-love-and-a-cooler-haircut_394/index.html
My Mother Was Nuts,Â£31.63,"<p class=""instock availability"">
<i class=""icon-ok""></i>
    
        In stock
    
</p>",https://books.toscrape.com/catalogue/my-mother-was-nuts_388/index.html
"Data, A Love Story: How I Gamed Online Dating to Meet My Match",Â£32.35,"<p class=""instock availability"">
<i class=""icon-ok""></i>
    
        In stock
    
</p>",https://books.toscrape.com/catalogue/data-a-love-story-how-i-gamed-online-dating-to-meet-my-match_367/index.html
The Jazz of Physics: The Secret Link Between Music and the Structure of the Universe,Â£38.71,"<p class=""instock availability"">
<i class=""icon-ok""></i>
    
        In stock
    
</p>",https://books.toscrape.com/catalogue/the-jazz-of-physics-the-secret-link-between-music-and-the-structure-of-the-universe_350/index.html
The Gunning of America: Business and the Making of American Gun Culture,Â£16.81,"<p class=""instock availability"">
<i class=""icon-ok""></i>
    
        In stock
    
</p>",https://books.toscrape.com/catalogue/the-gunning-of-america-business-and-the-making-of-american-gun-culture_347/index.html
The Geography of Bliss: One Grump's Search for the Happiest Places in the World,Â£28.23,"<p class=""instock availability"">
<i class=""icon-ok""></i>
    
        In stock
    
</p>",https://books.toscrape.com/catalogue/the-geography-of-bliss-one-grumps-search-for-the-happiest-places-in-the-world_346/index.html
God Is Not Great: How Religion Poisons Everything,Â£27.80,"<p class=""instock availability"">
<i class=""icon-ok""></i>
    
        In stock
    
</p>",https://books.toscrape.com/catalogue/god-is-not-great-how-religion-poisons-everything_323/index.html
We the People: The Modern-Day Figures Who Have Reshaped and Affirmed the Founding Fathers' Vision of America,Â£31.95,"<p class=""instock availability"">
<i class=""icon-ok""></i>
    
        In stock
    
</p>",https://books.toscrape.com/catalogue/we-the-people-the-modern-day-figures-who-have-reshaped-and-affirmed-the-founding-fathers-vision-of-america_302/index.html
Very Good Lives: The Fringe Benefits of Failure and the Importance of Imagination,Â£50.66,"<p class=""instock availability"">
<i class=""icon-ok""></i>
    
        In stock
    
</p>",https://books.toscrape.com/catalogue/very-good-lives-the-fringe-benefits-of-failure-and-the-importance-of-imagination_298/index.html
"Unstuffed: Decluttering Your Home, Mind, and Soul",Â£58.09,"<p class=""instock availability"">
<i class=""icon-ok""></i>
    
        In stock
    
</p>",https://books.toscrape.com/catalogue/unstuffed-decluttering-your-home-mind-and-soul_296/index.html
Under the Banner of Heaven: A Story of Violent Faith,Â£30.00,"<p class=""instock availability"">
<i class=""icon-ok""></i>
    
        In stock
    
</p>",https://books.toscrape.com/catalogue/under-the-banner-of-heaven-a-story-of-violent-faith_295/index.html
"Trespassing Across America: One Man's Epic, Never-Done-Before (and Sort of Illegal) Hike Across the Heartland",Â£53.51,"<p class=""instock availability"">
<i class=""icon-ok""></i>
    
        In stock
    
</p>",https://books.toscrape.com/catalogue/trespassing-across-america-one-mans-epic-never-done-before-and-sort-of-illegal-hike-across-the-heartland_291/index.html
The Name of God is Mercy,Â£37.25,"<p class=""instock availability"">
<i class=""icon-ok""></i>
    
        In stock
    
</p>",https://books.toscrape.com/catalogue/the-name-of-god-is-mercy_264/index.html
Stiff: The Curious Lives of Human Cadavers,Â£36.74,"<p class=""instock availability"">
<i class=""icon-ok""></i>
    
        In stock
    
</p>",https://books.toscrape.com/catalogue/stiff-the-curious-lives-of-human-cadavers_226/index.html
Spilled Milk: Based on a True Story,Â£49.51,"<p class=""instock availability"">
<i class=""icon-ok""></i>
    
        In stock
    
</p>",https://books.toscrape.com/catalogue/spilled-milk-based-on-a-true-story_225/index.html
"Rise of the Rocket Girls: The Women Who Propelled Us, from Missiles to the Moon to Mars",Â£41.67,"<p class=""instock availability"">
<i class=""icon-ok""></i>
    
        In stock
    
</p>",https://books.toscrape.com/catalogue/rise-of-the-rocket-girls-the-women-who-propelled-us-from-missiles-to-the-moon-to-mars_213/index.html
Outliers: The Story of Success,Â£14.16,"<p class=""instock availability"">
<i class=""icon-ok""></i>
    
        In stock
    
</p>",https://books.toscrape.com/catalogue/outliers-the-story-of-success_204/index.html
Notes from a Small Island (Notes From a Small Island #1),Â£40.17,"<p class=""instock availability"">
<i class=""icon-ok""></i>
    
        In stock
    
</p>",https://books.toscrape.com/catalogue/notes-from-a-small-island-notes-from-a-small-island-1_200/index.html
Night (The Night Trilogy #1),Â£13.51,"<p class=""instock availability"">
<i class=""icon-ok""></i>
    
        In stock
    
</p>",https://books.toscrape.com/catalogue/night-the-night-trilogy-1_199/index.html
"Miracles from Heaven: A Little Girl, Her Journey to Heaven, and Her Amazing Story of Healing",Â£57.83,"<p class=""instock availability"">
<i class=""icon-ok""></i>
    
        In stock
    
</p>",https://books.toscrape.com/catalogue/miracles-from-heaven-a-little-girl-her-journey-to-heaven-and-her-amazing-story-of-healing_195/index.html
Letter to a Christian Nation,Â£22.20,"<p class=""instock availability"">
<i class=""icon-ok""></i>
    
        In stock
    
</p>",https://books.toscrape.com/catalogue/letter-to-a-christian-nation_186/index.html
Let's Pretend This Never Happened: A Mostly True Memoir,Â£45.11,"<p class=""instock availability"">
<i class=""icon-ok""></i>
    
        In stock
    
</p>",https://books.toscrape.com/catalogue/lets-pretend-this-never-happened-a-mostly-true-memoir_185/index.html
It's Never Too Late to Begin Again: Discovering Creativity and Meaning at Midlife and Beyond,Â£42.38,"<p class=""instock availability"">
<i class=""icon-ok""></i>
    
        In stock
    
</p>",https://books.toscrape.com/catalogue/its-never-too-late-to-begin-again-discovering-creativity-and-meaning-at-midlife-and-beyond_179/index.html
Into the Wild,Â£56.70,"<p class=""instock availability"">
<i class=""icon-ok""></i>
    
        In stock
    
</p>",https://books.toscrape.com/catalogue/into-the-wild_177/index.html
"In the Garden of Beasts: Love, Terror, and an American Family in Hitler's Berlin",Â£28.85,"<p class=""instock availability"">
<i class=""icon-ok""></i>
    
        In stock
    
</p>",https://books.toscrape.com/catalogue/in-the-garden-of-beasts-love-terror-and-an-american-family-in-hitlers-berlin_175/index.html
I Am Malala: The Girl Who Stood Up for Education and Was Shot by the Taliban,Â£28.88,"<p class=""instock availability"">
<i class=""icon-ok""></i>
    
        In stock
    
</p>",https://books.toscrape.com/catalogue/i-am-malala-the-girl-who-stood-up-for-education-and-was-shot-by-the-taliban_172/index.html
Gratitude,Â£26.66,"<p class=""instock availability"">
<i class=""icon-ok""></i>
    
        In stock
    
</p>",https://books.toscrape.com/catalogue/gratitude_163/index.html
Disrupted: My Misadventure in the Start-Up Bubble,Â£15.28,"<p class=""instock availability"">
<i class=""icon-ok""></i>
    
        In stock
    
</p>",https://books.toscrape.com/catalogue/disrupted-my-misadventure-in-the-start-up-bubble_148/index.html
Brave Enough,Â£51.32,"<p class=""instock availability"">
<i class=""icon-ok""></i>
    
        In stock
    
</p>",https://books.toscrape.com/catalogue/brave-enough_135/index.html
"Born to Run: A Hidden Tribe, Superathletes, and the Greatest Race the World Has Never Seen",Â£27.35,"<p class=""instock availability"">
<i class=""icon-ok""></i>
    
        In stock
    
</p>",https://books.toscrape.com/catalogue/born-to-run-a-hidden-tribe-superathletes-and-the-greatest-race-the-world-has-never-seen_133/index.html
Blink: The Power of Thinking Without Thinking,Â£21.74,"<p class=""instock availability"">
<i class=""icon-ok""></i>
    
        In stock
    
</p>",https://books.toscrape.com/catalogue/blink-the-power-of-thinking-without-thinking_132/index.html
Black Flags: The Rise of ISIS,Â£40.87,"<p class=""instock availability"">
<i class=""icon-ok""></i>
    
        In stock
    
</p>",https://books.toscrape.com/catalogue/black-flags-the-rise-of-isis_131/index.html
Are We Smart Enough to Know How Smart Animals Are?,Â£56.58,"<p class=""instock availability"">
<i class=""icon-ok""></i>
    
        In stock
    
</p>",https://books.toscrape.com/catalogue/are-we-smart-enough-to-know-how-smart-animals-are_121/index.html
A Walk in the Woods: Rediscovering America on the Appalachian Trail,Â£30.48,"<p class=""instock availability"">
<i class=""icon-ok""></i>
    
        In stock
    
</p>",https://books.toscrape.com/catalogue/a-walk-in-the-woods-rediscovering-america-on-the-appalachian-trail_118/index.html
"The Suffragettes (Little Black Classics, #96)",Â£11.89,"<p class=""instock availability"">
<i class=""icon-ok""></i>
    
        In stock
    
</p>",https://books.toscrape.com/catalogue/the-suffragettes-little-black-classics-96_112/index.html
Kindle Paperwhite User's Guide,Â£34.00,"<p class=""instock availability"">
<i class=""icon-ok""></i>
    
        In stock
    
</p>",https://books.toscrape.com/catalogue/kindle-paperwhite-users-guide_103/index.html
H is for Hawk,Â£57.42,"<p class=""instock availability"">
<i class=""icon-ok""></i>
    
        In stock
    
</p>",https://books.toscrape.com/catalogue/h-is-for-hawk_102/index.html
Travels with Charley: In Search of America,Â£57.82,"<p class=""instock availability"">
<i class=""icon-ok""></i>
    
        In stock
    
</p>",https://books.toscrape.com/catalogue/travels-with-charley-in-search-of-america_90/index.html
The Tumor,Â£41.56,"<p class=""instock availability"">
<i class=""icon-ok""></i>
    
        In stock
    
</p>",https://books.toscrape.com/catalogue/the-tumor_85/index.html
The End of the Jesus Era (An Investigation #1),Â£14.40,"<p class=""instock availability"">
<i class=""icon-ok""></i>
    
        In stock
    
</p>",https://books.toscrape.com/catalogue/the-end-of-the-jesus-era-an-investigation-1_64/index.html
"Eat, Pray, Love",Â£51.32,"<p class=""instock availability"">
<i class=""icon-ok""></i>
    
        In stock
    
</p>",https://books.toscrape.com/catalogue/eat-pray-love_16/index.html
